Workbook

Sheet Parámetros
A1: Cronograma del proyecto — Identificación de especies por su canto (Grupo 4)
A3: Fecha de inicio del proyecto | B3: 46293
A4: Fecha de corte (seguimiento) | B4: =TODAY() -> 46304
A5: Fecha de la última actividad | B5: =MAX(Cronograma!$I$6:$I$33) -> 46369
A6: Duración total del proyecto (días) | B6: =B5-B3+1 -> 77
A7: Semana actual del proyecto | B7: =IF(B4<B3,0,INT((B4-B3)/7)+1) -> 2
A9: Equipo (lista para la columna Responsable)
A10: Wilson Ospina Pérez
A11: Santiago Osorio
A12: Martín Pérez
A13: Adriana Zapata
A14: Todo el equipo
A15: Por asignar
A18: Cómo usar este archivo
A19: 1. Celdas con fondo amarillo y texto azul = datos de entrada: fecha de inicio, desfase, duración, responsable y % de avance.
A20: 2. Las demás celdas se calculan con fórmulas: fechas, semana, estado, resumen por etapa y diagrama de Gantt.
A21: 3. Desfase = días desde la fecha de inicio hasta que empieza la actividad. Duración = días calendario (0 = hito).
A22: 4. Estado: Completada (100 %), Pendiente (aún no inicia), En curso o Atrasada (pasó la fecha fin sin llegar al 100 %).
A23: 5. Actualice el % de avance cada semana. Las fechas son tentativas hasta confirmar el calendario del curso.

Sheet Cronograma
A1: Plan de actividades y cronograma — Proyecto 1 · Innovación Tecnológica con IA · Grupo 4
A2: Fechas calculadas desde la hoja Parámetros. Celdas amarillas = datos editables.
L3: Fecha de corte: | M3: =Parámetros!$B$4 -> 46304
N4: =Parámetros!$B$3+7*(N$5-1) -> 46293 | O4: =Parámetros!$B$3+7*(O$5-1) -> 46300 | P4: =Parámetros!$B$3+7*(P$5-1) -> 46307 | Q4: =Parámetros!$B$3+7*(Q$5-1) -> 46314 | R4: =Parámetros!$B$3+7*(R$5-1) -> 46321 | S4: =Parámetros!$B$3+7*(S$5-1) -> 46328 | T4: =Parámetros!$B$3+7*(T$5-1) -> 46335 | U4: =Parámetros!$B$3+7*(U$5-1) -> 46342 | ... Y4: =Parámetros!$B$3+7*(Y$5-1) -> 46370
A5: ID | B5: Etapa | C5: Actividad | D5: Entregable | E5: Responsable | F5: Desfase (días) | G5: Duración (días) | H5: Fecha inicio | I5: Fecha fin | J5: Semana | K5: Predecesora | L5: % avance | M5: Estado | N5: 1 | O5: 2 | P5: 3 | Q5: 4 | R5: 5 | S5: 6 | T5: 7 | U5: 8 | V5: 9 | W5: 10 | X5: 11 | Y5: 12
A6: 1.1 | B6: 1 | C6: Conformación del equipo y definición del tema | D6: Tema y repositorio creados | E6: Todo el equipo | F6: 0 | G6: 3 | H6: =Parámetros!$B$3+F6 -> 46293 | I6: =IF(G6=0,H6,H6+G6-1) -> 46295 | J6: =INT((H6-Parámetros!$B$3)/7)+1 -> 1 | K6: — | L6: 1 | M6: =IF(L6>=1,"Completada",IF($M$3<H6,"Pendiente",IF($M$3>I6,"Atrasada","En curso"))) -> Completada | N6: =IF(AND($G6=0,$H6>=N$4,$H6<=N$4+6),"◆","") | O6: =IF(AND($G6=0,$H6>=O$4,$H6<=O$4+6),"◆","") | P6: =IF(AND($G6=0,$H6>=P$4,$H6<=P$4+6),"◆","") | Q6: =IF(AND($G6=0,$H6>=Q$4,$H6<=Q$4+6),"◆","") | R6: =IF(AND($G6=0,$H6>=R$4,$H6<=R$4+6),"◆","") | S6: =IF(AND($G6=0,$H6>=S$4,$H6<=S$4+6),"◆","") | T6: =IF(AND($G6=0,$H6>=T$4,$H6<=T$4+6),"◆","") | U6: =IF(AND($G6=0,$H6>=U$4,$H6<=U$4+6),"◆","") | ... Y6: =IF(AND($G6=0,$H6>=Y$4,$H6<=Y$4+6),"◆","")
A7: 1.2 | B7: 1 | C7: Análisis del problema y árbol de problemas | D7: Secciones II y IV del reporte | E7: Todo el equipo | F7: 2 | G7: 6 | H7: =Parámetros!$B$3+F7 -> 46295 | I7: =IF(G7=0,H7,H7+G7-1) -> 46300 | J7: =INT((H7-Parámetros!$B$3)/7)+1 -> 1 | K7: 1.1 | L7: 1 | M7: =IF(L7>=1,"Completada",IF($M$3<H7,"Pendiente",IF($M$3>I7,"Atrasada","En curso"))) -> Completada | N7: =IF(AND($G7=0,$H7>=N$4,$H7<=N$4+6),"◆","") | O7: =IF(AND($G7=0,$H7>=O$4,$H7<=O$4+6),"◆","") | P7: =IF(AND($G7=0,$H7>=P$4,$H7<=P$4+6),"◆","") | Q7: =IF(AND($G7=0,$H7>=Q$4,$H7<=Q$4+6),"◆","") | R7: =IF(AND($G7=0,$H7>=R$4,$H7<=R$4+6),"◆","") | S7: =IF(AND($G7=0,$H7>=S$4,$H7<=S$4+6),"◆","") | T7: =IF(AND($G7=0,$H7>=T$4,$H7<=T$4+6),"◆","") | U7: =IF(AND($G7=0,$H7>=U$4,$H7<=U$4+6),"◆","") | ... Y7: =IF(AND($G7=0,$H7>=Y$4,$H7<=Y$4+6),"◆","")
A8: 1.3 | B8: 1 | C8: Objetivos, alcance y pregunta de investigación | D8: Sección III del reporte | E8: Todo el equipo | F8: 5 | G8: 4 | H8: =Parámetros!$B$3+F8 -> 46298 | I8: =IF(G8=0,H8,H8+G8-1) -> 46301 | J8: =INT((H8-Parámetros!$B$3)/7)+1 -> 1 | K8: 1.2 | L8: 1 | M8: =IF(L8>=1,"Completada",IF($M$3<H8,"Pendiente",IF($M$3>I8,"Atrasada","En curso"))) -> Completada | N8: =IF(AND($G8=0,$H8>=N$4,$H8<=N$4+6),"◆","") | O8: =IF(AND($G8=0,$H8>=O$4,$H8<=O$4+6),"◆","") | P8: =IF(AND($G8=0,$H8>=P$4,$H8<=P$4+6),"◆","") | Q8: =IF(AND($G8=0,$H8>=Q$4,$H8<=Q$4+6),"◆","") | R8: =IF(AND($G8=0,$H8>=R$4,$H8<=R$4+6),"◆","") | S8: =IF(AND($G8=0,$H8>=S$4,$H8<=S$4+6),"◆","") | T8: =IF(AND($G8=0,$H8>=T$4,$H8<=T$4+6),"◆","") | U8: =IF(AND($G8=0,$H8>=U$4,$H8<=U$4+6),"◆","") | ... Y8: =IF(AND($G8=0,$H8>=Y$4,$H8<=Y$4+6),"◆","")
A9: 1.4 | B9: 1 | C9: Revisión bibliográfica (estado del arte) | D9: Sección V.B y referencias | E9: Todo el equipo | F9: 2 | G9: 9 | H9: =Parámetros!$B$3+F9 -> 46295 | I9: =IF(G9=0,H9,H9+G9-1) -> 46303 | J9: =INT((H9-Parámetros!$B$3)/7)+1 -> 1 | K9: 1.1 | L9: 1 | M9: =IF(L9>=1,"Completada",IF($M$3<H9,"Pendiente",IF($M$3>I9,"Atrasada","En curso"))) -> Completada | N9: =IF(AND($G9=0,$H9>=N$4,$H9<=N$4+6),"◆","") | O9: =IF(AND($G9=0,$H9>=O$4,$H9<=O$4+6),"◆","") | P9: =IF(AND($G9=0,$H9>=P$4,$H9<=P$4+6),"◆","") | Q9: =IF(AND($G9=0,$H9>=Q$4,$H9<=Q$4+6),"◆","") | R9: =IF(AND($G9=0,$H9>=R$4,$H9<=R$4+6),"◆","") | S9: =IF(AND($G9=0,$H9>=S$4,$H9<=S$4+6),"◆","") | T9: =IF(AND($G9=0,$H9>=T$4,$H9<=T$4+6),"◆","") | U9: =IF(AND($G9=0,$H9>=U$4,$H9<=U$4+6),"◆","") | ... Y9: =IF(AND($G9=0,$H9>=Y$4,$H9<=Y$4+6),"◆","")
A10: 1.5 | B10: 1 | C10: Análisis de soluciones existentes y brecha | D10: Secciones V.C a V.E | E10: Todo el equipo | F10: 7 | G10: 4 | H10: =Parámetros!$B$3+F10 -> 46300 | I10: =IF(G10=0,H10,H10+G10-1) -> 46303 | J10: =INT((H10-Parámetros!$B$3)/7)+1 -> 2 | K10: 1.4 | L10: 1 | M10: =IF(L10>=1,"Completada",IF($M$3<H10,"Pendiente",IF($M$3>I10,"Atrasada","En curso"))) -> Completada | N10: =IF(AND($G10=0,$H10>=N$4,$H10<=N$4+6),"◆","") | O10: =IF(AND($G10=0,$H10>=O$4,$H10<=O$4+6),"◆","") | P10: =IF(AND($G10=0,$H10>=P$4,$H10<=P$4+6),"◆","") | Q10: =IF(AND($G10=0,$H10>=Q$4,$H10<=Q$4+6),"◆","") | R10: =IF(AND($G10=0,$H10>=R$4,$H10<=R$4+6),"◆","") | S10: =IF(AND($G10=0,$H10>=S$4,$H10<=S$4+6),"◆","") | T10: =IF(AND($G10=0,$H10>=T$4,$H10<=T$4+6),"◆","") | U10: =IF(AND($G10=0,$H10>=U$4,$H10<=U$4+6),"◆","") | ... Y10: =IF(AND($G10=0,$H10>=Y$4,$H10<=Y$4+6),"◆","")
A11: 1.6 | B11: 1 | C11: Planeación: tareas, cronograma y riesgos | D11: Sección VII y cronograma.xlsx | E11: Todo el equipo | F11: 8 | G11: 3 | H11: =Parámetros!$B$3+F11 -> 46301 | I11: =IF(G11=0,H11,H11+G11-1) -> 46303 | J11: =INT((H11-Parámetros!$B$3)/7)+1 -> 2 | K11: 1.3 | L11: 1 | M11: =IF(L11>=1,"Completada",IF($M$3<H11,"Pendiente",IF($M$3>I11,"Atrasada","En curso"))) -> Completada | N11: =IF(AND($G11=0,$H11>=N$4,$H11<=N$4+6),"◆","") | O11: =IF(AND($G11=0,$H11>=O$4,$H11<=O$4+6),"◆","") | P11: =IF(AND($G11=0,$H11>=P$4,$H11<=P$4+6),"◆","") | Q11: =IF(AND($G11=0,$H11>=Q$4,$H11<=Q$4+6),"◆","") | R11: =IF(AND($G11=0,$H11>=R$4,$H11<=R$4+6),"◆","") | S11: =IF(AND($G11=0,$H11>=S$4,$H11<=S$4+6),"◆","") | T11: =IF(AND($G11=0,$H11>=T$4,$H11<=T$4+6),"◆","") | U11: =IF(AND($G11=0,$H11>=U$4,$H11<=U$4+6),"◆","") | ... Y11: =IF(AND($G11=0,$H11>=Y$4,$H11<=Y$4+6),"◆","")
A12: 1.7 | B12: 1 | C12: Estructura del repositorio y entorno de trabajo | D12: Carpeta entrega_1 en GitHub | E12: Todo el equipo | F12: 9 | G12: 3 | H12: =Parámetros!$B$3+F12 -> 46302 | I12: =IF(G12=0,H12,H12+G12-1) -> 46304 | J12: =INT((H12-Parámetros!$B$3)/7)+1 -> 2 | K12: 1.1 | L12: 1 | M12: =IF(L12>=1,"Completada",IF($M$3<H12,"Pendiente",IF($M$3>I12,"Atrasada","En curso"))) -> Completada | N12: =IF(AND($G12=0,$H12>=N$4,$H12<=N$4+6),"◆","") | O12: =IF(AND($G12=0,$H12>=O$4,$H12<=O$4+6),"◆","") | P12: =IF(AND($G12=0,$H12>=P$4,$H12<=P$4+6),"◆","") | Q12: =IF(AND($G12=0,$H12>=Q$4,$H12<=Q$4+6),"◆","") | R12: =IF(AND($G12=0,$H12>=R$4,$H12<=R$4+6),"◆","") | S12: =IF(AND($G12=0,$H12>=S$4,$H12<=S$4+6),"◆","") | T12: =IF(AND($G12=0,$H12>=T$4,$H12<=T$4+6),"◆","") | U12: =IF(AND($G12=0,$H12>=U$4,$H12<=U$4+6),"◆","") | ... Y12: =IF(AND($G12=0,$H12>=Y$4,$H12<=Y$4+6),"◆","")
A13: 1.8 | B13: 1 | C13: Redacción y revisión del reporte 1 | D13: docs/reporte_entrega_1.md | E13: Todo el equipo | F13: 10 | G13: 3 | H13: =Parámetros!$B$3+F13 -> 46303 | I13: =IF(G13=0,H13,H13+G13-1) -> 46305 | J13: =INT((H13-Parámetros!$B$3)/7)+1 -> 2 | K13: 1.3, 1.5, 1.6 | L13: 0.5 | M13: =IF(L13>=1,"Completada",IF($M$3<H13,"Pendiente",IF($M$3>I13,"Atrasada","En curso"))) -> En curso | N13: =IF(AND($G13=0,$H13>=N$4,$H13<=N$4+6),"◆","") | O13: =IF(AND($G13=0,$H13>=O$4,$H13<=O$4+6),"◆","") | P13: =IF(AND($G13=0,$H13>=P$4,$H13<=P$4+6),"◆","") | Q13: =IF(AND($G13=0,$H13>=Q$4,$H13<=Q$4+6),"◆","") | R13: =IF(AND($G13=0,$H13>=R$4,$H13<=R$4+6),"◆","") | S13: =IF(AND($G13=0,$H13>=S$4,$H13<=S$4+6),"◆","") | T13: =IF(AND($G13=0,$H13>=T$4,$H13<=T$4+6),"◆","") | U13: =IF(AND($G13=0,$H13>=U$4,$H13<=U$4+6),"◆","") | ... Y13: =IF(AND($G13=0,$H13>=Y$4,$H13<=Y$4+6),"◆","")
A14: H1 | B14: 1 | C14: Entrega 1: reporte de la primera etapa (20 %) | D14: Hito | E14: Todo el equipo | F14: 13 | G14: 0 | H14: =Parámetros!$B$3+F14 -> 46306 | I14: =IF(G14=0,H14,H14+G14-1) -> 46306 | J14: =INT((H14-Parámetros!$B$3)/7)+1 -> 2 | K14: 1.8 | L14: 0 | M14: =IF(L14>=1,"Completada",IF($M$3<H14,"Pendiente",IF($M$3>I14,"Atrasada","En curso"))) -> Pendiente | N14: =IF(AND($G14=0,$H14>=N$4,$H14<=N$4+6),"◆","") | O14: =IF(AND($G14=0,$H14>=O$4,$H14<=O$4+6),"◆","") -> ◆ | P14: =IF(AND($G14=0,$H14>=P$4,$H14<=P$4+6),"◆","") | Q14: =IF(AND($G14=0,$H14>=Q$4,$H14<=Q$4+6),"◆","") | R14: =IF(AND($G14=0,$H14>=R$4,$H14<=R$4+6),"◆","") | S14: =IF(AND($G14=0,$H14>=S$4,$H14<=S$4+6),"◆","") | T14: =IF(AND($G14=0,$H14>=T$4,$H14<=T$4+6),"◆","") | U14: =IF(AND($G14=0,$H14>=U$4,$H14<=U$4+6),"◆","") | ... Y14: =IF(AND($G14=0,$H14>=Y$4,$H14<=Y$4+6),"◆","")
A15: 2.1 | B15: 2 | C15: Selección de especies objetivo y criterios de inclusión | D15: Lista de especies | E15: Todo el equipo | F15: 14 | G15: 4 | H15: =Parámetros!$B$3+F15 -> 46307 | I15: =IF(G15=0,H15,H15+G15-1) -> 46310 | J15: =INT((H15-Parámetros!$B$3)/7)+1 -> 3 | K15: H1 | L15: 0 | M15: =IF(L15>=1,"Completada",IF($M$3<H15,"Pendiente",IF($M$3>I15,"Atrasada","En curso"))) -> Pendiente | N15: =IF(AND($G15=0,$H15>=N$4,$H15<=N$4+6),"◆","") | O15: =IF(AND($G15=0,$H15>=O$4,$H15<=O$4+6),"◆","") | P15: =IF(AND($G15=0,$H15>=P$4,$H15<=P$4+6),"◆","") | Q15: =IF(AND($G15=0,$H15>=Q$4,$H15<=Q$4+6),"◆","") | R15: =IF(AND($G15=0,$H15>=R$4,$H15<=R$4+6),"◆","") | S15: =IF(AND($G15=0,$H15>=S$4,$H15<=S$4+6),"◆","") | T15: =IF(AND($G15=0,$H15>=T$4,$H15<=T$4+6),"◆","") | U15: =IF(AND($G15=0,$H15>=U$4,$H15<=U$4+6),"◆","") | ... Y15: =IF(AND($G15=0,$H15>=Y$4,$H15<=Y$4+6),"◆","")
A16: 2.2 | B16: 2 | C16: Clave de API y descarga de grabaciones y metadatos | D16: data/raw y metadatos | E16: Por asignar | F16: 16 | G16: 7 | H16: =Parámetros!$B$3+F16 -> 46309 | I16: =IF(G16=0,H16,H16+G16-1) -> 46315 | J16: =INT((H16-Parámetros!$B$3)/7)+1 -> 3 | K16: 2.1 | L16: 0 | M16: =IF(L16>=1,"Completada",IF($M$3<H16,"Pendiente",IF($M$3>I16,"Atrasada","En curso"))) -> Pendiente | N16: =IF(AND($G16=0,$H16>=N$4,$H16<=N$4+6),"◆","") | O16: =IF(AND($G16=0,$H16>=O$4,$H16<=O$4+6),"◆","") | P16: =IF(AND($G16=0,$H16>=P$4,$H16<=P$4+6),"◆","") | Q16: =IF(AND($G16=0,$H16>=Q$4,$H16<=Q$4+6),"◆","") | R16: =IF(AND($G16=0,$H16>=R$4,$H16<=R$4+6),"◆","") | S16: =IF(AND($G16=0,$H16>=S$4,$H16<=S$4+6),"◆","") | T16: =IF(AND($G16=0,$H16>=T$4,$H16<=T$4+6),"◆","") | U16: =IF(AND($G16=0,$H16>=U$4,$H16<=U$4+6),"◆","") | ... Y16: =IF(AND($G16=0,$H16>=Y$4,$H16<=Y$4+6),"◆","")
A17: 2.3 | B17: 2 | C17: Depuración y control de calidad de los datos | D17: Conjunto depurado | E17: Por asignar | F17: 21 | G17: 5 | H17: =Parámetros!$B$3+F17 -> 46314 | I17: =IF(G17=0,H17,H17+G17-1) -> 46318 | J17: =INT((H17-Parámetros!$B$3)/7)+1 -> 4 | K17: 2.2 | L17: 0 | M17: =IF(L17>=1,"Completada",IF($M$3<H17,"Pendiente",IF($M$3>I17,"Atrasada","En curso"))) -> Pendiente | N17: =IF(AND($G17=0,$H17>=N$4,$H17<=N$4+6),"◆","") | O17: =IF(AND($G17=0,$H17>=O$4,$H17<=O$4+6),"◆","") | P17: =IF(AND($G17=0,$H17>=P$4,$H17<=P$4+6),"◆","") | Q17: =IF(AND($G17=0,$H17>=Q$4,$H17<=Q$4+6),"◆","") | R17: =IF(AND($G17=0,$H17>=R$4,$H17<=R$4+6),"◆","") | S17: =IF(AND($G17=0,$H17>=S$4,$H17<=S$4+6),"◆","") | T17: =IF(AND($G17=0,$H17>=T$4,$H17<=T$4+6),"◆","") | U17: =IF(AND($G17=0,$H17>=U$4,$H17<=U$4+6),"◆","") | ... Y17: =IF(AND($G17=0,$H17>=Y$4,$H17<=Y$4+6),"◆","")
... A33: H3 | B33: 3 | C33: Entrega 3: reporte final y video (70 %) | D33: Hito | E33: Todo el equipo | F33: 76 | G33: 0 | H33: =Parámetros!$B$3+F33 -> 46369 | I33: =IF(G33=0,H33,H33+G33-1) -> 46369 | J33: =INT((H33-Parámetros!$B$3)/7)+1 -> 11 | K33: 3.9 | L33: 0 | M33: =IF(L33>=1,"Completada",IF($M$3<H33,"Pendiente",IF($M$3>I33,"Atrasada","En curso"))) -> Pendiente | N33: =IF(AND($G33=0,$H33>=N$4,$H33<=N$4+6),"◆","") | O33: =IF(AND($G33=0,$H33>=O$4,$H33<=O$4+6),"◆","") | P33: =IF(AND($G33=0,$H33>=P$4,$H33<=P$4+6),"◆","") | Q33: =IF(AND($G33=0,$H33>=Q$4,$H33<=Q$4+6),"◆","") | R33: =IF(AND($G33=0,$H33>=R$4,$H33<=R$4+6),"◆","") | S33: =IF(AND($G33=0,$H33>=S$4,$H33<=S$4+6),"◆","") | T33: =IF(AND($G33=0,$H33>=T$4,$H33<=T$4+6),"◆","") | U33: =IF(AND($G33=0,$H33>=U$4,$H33<=U$4+6),"◆","") | ... Y33: =IF(AND($G33=0,$H33>=Y$4,$H33<=Y$4+6),"◆","")
C35: Leyenda del Gantt:
C36: Etapa 1 · Planteamiento del problema
C37: Etapa 2 · Datos y modelos de referencia
C38: Etapa 3 · Modelado, evaluación y comunicación
B39: ◆ | C39: Hito de entrega · columna gris = semana de la fecha de corte

Sheet Resumen
A1: Resumen por etapa (calculado desde la hoja Cronograma)
A3: Etapa | B3: Nombre | C3: Peso en la nota | D3: Inicio | E3: Fin | F3: Duración (días) | G3: Actividades | H3: Avance ponderado | I3: Estado | J3: Fecha de entrega | K3: Días para la entrega
A4: 1 | B4: Etapa 1 · Planteamiento del problema | C4: 0.2 | D4: =_xlfn.MINIFS(Cronograma!$H$6:$H$33,Cronograma!$B$6:$B$33,A4) -> 46293 | E4: =_xlfn.MAXIFS(Cronograma!$I$6:$I$33,Cronograma!$B$6:$B$33,A4) -> 46306 | F4: =E4-D4+1 -> 14 | G4: =COUNTIFS(Cronograma!$B$6:$B$33,A4,Cronograma!$G$6:$G$33,">0") -> 8 | H4: =IFERROR(SUMPRODUCT((Cronograma!$B$6:$B$33=A4)*Cronograma!$G$6:$G$33*Cronograma!$L$6:$L$33)/SUMIFS(Cronograma!$G$6:$G$33,Cronograma!$B$6:$B$33,A4),0) -> 0.95714286 | I4: =IF(H4>=1,"Completada",IF(Parámetros!$B$4<D4,"Pendiente",IF(Parámetros!$B$4>E4,"Atrasada","En curso"))) -> En curso | J4: =INDEX(Cronograma!$H$6:$H$33,MATCH("H"&A4,Cronograma!$A$6:$A$33,0)) -> 46306 | K4: =J4-Parámetros!$B$4 -> 2
A5: 2 | B5: Etapa 2 · Datos y modelos de referencia | C5: 0.1 | D5: =_xlfn.MINIFS(Cronograma!$H$6:$H$33,Cronograma!$B$6:$B$33,A5) -> 46307 | E5: =_xlfn.MAXIFS(Cronograma!$I$6:$I$33,Cronograma!$B$6:$B$33,A5) -> 46334 | F5: =E5-D5+1 -> 28 | G5: =COUNTIFS(Cronograma!$B$6:$B$33,A5,Cronograma!$G$6:$G$33,">0") -> 8 | H5: =IFERROR(SUMPRODUCT((Cronograma!$B$6:$B$33=A5)*Cronograma!$G$6:$G$33*Cronograma!$L$6:$L$33)/SUMIFS(Cronograma!$G$6:$G$33,Cronograma!$B$6:$B$33,A5),0) -> 0 | I5: =IF(H5>=1,"Completada",IF(Parámetros!$B$4<D5,"Pendiente",IF(Parámetros!$B$4>E5,"Atrasada","En curso"))) -> Pendiente | J5: =INDEX(Cronograma!$H$6:$H$33,MATCH("H"&A5,Cronograma!$A$6:$A$33,0)) -> 46334 | K5: =J5-Parámetros!$B$4 -> 30
A6: 3 | B6: Etapa 3 · Modelado, evaluación y comunicación | C6: 0.7 | D6: =_xlfn.MINIFS(Cronograma!$H$6:$H$33,Cronograma!$B$6:$B$33,A6) -> 46335 | E6: =_xlfn.MAXIFS(Cronograma!$I$6:$I$33,Cronograma!$B$6:$B$33,A6) -> 46369 | F6: =E6-D6+1 -> 35 | G6: =COUNTIFS(Cronograma!$B$6:$B$33,A6,Cronograma!$G$6:$G$33,">0") -> 9 | H6: =IFERROR(SUMPRODUCT((Cronograma!$B$6:$B$33=A6)*Cronograma!$G$6:$G$33*Cronograma!$L$6:$L$33)/SUMIFS(Cronograma!$G$6:$G$33,Cronograma!$B$6:$B$33,A6),0) -> 0 | I6: =IF(H6>=1,"Completada",IF(Parámetros!$B$4<D6,"Pendiente",IF(Parámetros!$B$4>E6,"Atrasada","En curso"))) -> Pendiente | J6: =INDEX(Cronograma!$H$6:$H$33,MATCH("H"&A6,Cronograma!$A$6:$A$33,0)) -> 46369 | K6: =J6-Parámetros!$B$4 -> 65
B7: Total del proyecto | C7: =SUM(C4:C6) -> 1 | D7: =MIN(D4:D6) -> 46293 | E7: =MAX(E4:E6) -> 46369 | F7: =E7-D7+1 -> 77 | G7: =SUM(G4:G6) -> 25 | H7: =IFERROR(SUMPRODUCT(Cronograma!$G$6:$G$33,Cronograma!$L$6:$L$33)/SUM(Cronograma!$G$6:$G$33),0) -> 0.23103448
B8: Avance ponderado por peso en la nota | H8: =SUMPRODUCT(C4:C6,H4:H6) -> 0.19142857
B10: Actividades por estado
B11: Completada | C11: =COUNTIF(Cronograma!$M$6:$M$33,B11) -> 7
B12: En curso | C12: =COUNTIF(Cronograma!$M$6:$M$33,B12) -> 1
B13: Pendiente | C13: =COUNTIF(Cronograma!$M$6:$M$33,B13) -> 20
B14: Atrasada | C14: =COUNTIF(Cronograma!$M$6:$M$33,B14) -> 0
B16: Total de filas (incluye hitos) | C16: =SUM(C11:C14) -> 28
